<?xml version='1.0' encoding='UTF-8'?>
<!--
  ~ Copyright 2013-2016 the original author or authors.
  ~
  ~ Licensed under the Apache License, Version 2.0 (the "License");
  ~ you may not use this file except in compliance with the License.
  ~ You may obtain a copy of the License at
  ~
  ~      http://www.apache.org/licenses/LICENSE-2.0
  ~
  ~ Unless required by applicable law or agreed to in writing, software
  ~ distributed under the License is distributed on an "AS IS" BASIS,
  ~ WITHOUT WARRANTIES OR CONDITIONS OF ANY KIND, either express or implied.
  ~ See the License for the specific language governing permissions and
  ~ limitations under the License.
  --> 
<web-app xsi:schemaLocation='http://java.sun.com/xml/ns/javaee http://java.sun.com/xml/ns/javaee/web-app_2_5.xsd' version='2.5' xmlns='http://java.sun.com/xml/ns/javaee' xmlns:xsi='http://www.w3.org/2001/XMLSchema-instance'>
    <listener>
        <listener-class> org.springframework.web.context.ContextLoaderListener </listener-class>
    </listener>
    <context-param>
        <param-name> contextInitializerClasses </param-name>
        <param-value>
            com.gopivotal.test,org.cloudfoundry.reconfiguration.spring.CloudProfileApplicationContextInitializer,org.cloudfoundry.reconfiguration.spring.CloudPropertySourceApplicationContextInitializer,org.cloudfoundry.reconfiguration.spring.CloudAutoReconfigurationApplicationContextInitializer
        </param-value>
    </context-param>
</web-app>
